{"assets/logo.svg":["assets/logo.svg"],"assets/menu/Bag.png":["assets/menu/Bag.png"],"assets/menu/Bag.svg":["assets/menu/Bag.svg"],"assets/menu/Chat.png":["assets/menu/Chat.png"],"assets/menu/Chat.svg":["assets/menu/Chat.svg"],"assets/menu/Home.png":["assets/menu/Home.png"],"assets/menu/Home.svg":["assets/menu/Home.svg"],"assets/menu/Iconly-Bold-Bag.png":["assets/menu/Iconly-Bold-Bag.png"],"assets/menu/Iconly-Bold-Bag.svg":["assets/menu/Iconly-Bold-Bag.svg"],"assets/menu/Iconly-Bold-Chat.png":["assets/menu/Iconly-Bold-Chat.png"],"assets/menu/Iconly-Bold-Chat.svg":["assets/menu/Iconly-Bold-Chat.svg"],"assets/menu/Iconly-Bold-Home.png":["assets/menu/Iconly-Bold-Home.png"],"assets/menu/Iconly-Bold-Home.svg":["assets/menu/Iconly-Bold-Home.svg"],"assets/menu/Iconly-Bold-Wallet.png":["assets/menu/Iconly-Bold-Wallet.png"],"assets/menu/Iconly-Bold-Wallet.svg":["assets/menu/Iconly-Bold-Wallet.svg"],"assets/menu/Profile-1.png":["assets/menu/Profile-1.png"],"assets/menu/Profile-1.svg":["assets/menu/Profile-1.svg"],"assets/menu/Profile.png":["assets/menu/Profile.png"],"assets/menu/Profile.svg":["assets/menu/Profile.svg"],"assets/menu/Wallet.png":["assets/menu/Wallet.png"],"assets/menu/Wallet.svg":["assets/menu/Wallet.svg"],"assets/todo/%F0%9F%92%9A%20Icon%20-%20L.png":["assets/todo/%F0%9F%92%9A%20Icon%20-%20L.png"],"assets/todo/%F0%9F%92%9A%20Icon%20-%20L.svg":["assets/todo/%F0%9F%92%9A%20Icon%20-%20L.svg"],"assets/todo/%F0%9F%92%9A%20Icon%20-%20R.png":["assets/todo/%F0%9F%92%9A%20Icon%20-%20R.png"],"assets/todo/%F0%9F%92%9A%20Icon%20-%20R.svg":["assets/todo/%F0%9F%92%9A%20Icon%20-%20R.svg"],"assets/todo/005-pagar-2.png":["assets/todo/005-pagar-2.png"],"assets/todo/005-pagar-2.svg":["assets/todo/005-pagar-2.svg"],"assets/todo/Chat.png":["assets/todo/Chat.png"],"assets/todo/Chat.svg":["assets/todo/Chat.svg"],"assets/todo/Combined%20Shape.png":["assets/todo/Combined%20Shape.png"],"assets/todo/Combined%20Shape.svg":["assets/todo/Combined%20Shape.svg"],"assets/todo/Grupo%2010.png":["assets/todo/Grupo%2010.png"],"assets/todo/Grupo%2010.svg":["assets/todo/Grupo%2010.svg"],"assets/todo/Grupo%202844.png":["assets/todo/Grupo%202844.png"],"assets/todo/Grupo%202844.svg":["assets/todo/Grupo%202844.svg"],"assets/todo/Grupo%202845.png":["assets/todo/Grupo%202845.png"],"assets/todo/Grupo%202845.svg":["assets/todo/Grupo%202845.svg"],"assets/todo/Grupo%202846.png":["assets/todo/Grupo%202846.png"],"assets/todo/Grupo%202846.svg":["assets/todo/Grupo%202846.svg"],"assets/todo/Grupo%202847.png":["assets/todo/Grupo%202847.png"],"assets/todo/Grupo%202847.svg":["assets/todo/Grupo%202847.svg"],"assets/todo/Grupo%202848.png":["assets/todo/Grupo%202848.png"],"assets/todo/Grupo%202848.svg":["assets/todo/Grupo%202848.svg"],"assets/todo/Grupo%202849.png":["assets/todo/Grupo%202849.png"],"assets/todo/Grupo%202849.svg":["assets/todo/Grupo%202849.svg"],"assets/todo/Grupo%202850.png":["assets/todo/Grupo%202850.png"],"assets/todo/Grupo%202850.svg":["assets/todo/Grupo%202850.svg"],"assets/todo/Grupo%202851.png":["assets/todo/Grupo%202851.png"],"assets/todo/Grupo%202851.svg":["assets/todo/Grupo%202851.svg"],"assets/todo/Grupo%202852.png":["assets/todo/Grupo%202852.png"],"assets/todo/Grupo%202852.svg":["assets/todo/Grupo%202852.svg"],"assets/todo/Grupo%202853.png":["assets/todo/Grupo%202853.png"],"assets/todo/Grupo%202853.svg":["assets/todo/Grupo%202853.svg"],"assets/todo/Iconly-Bold-Paper%20Negative.png":["assets/todo/Iconly-Bold-Paper%20Negative.png"],"assets/todo/Iconly-Bold-Paper%20Negative.svg":["assets/todo/Iconly-Bold-Paper%20Negative.svg"],"assets/todo/Iconly-Bold-Send.png":["assets/todo/Iconly-Bold-Send.png"],"assets/todo/Iconly-Bold-Send.svg":["assets/todo/Iconly-Bold-Send.svg"],"assets/todo/Iconly-Broken-Search.png":["assets/todo/Iconly-Broken-Search.png"],"assets/todo/Iconly-Broken-Search.svg":["assets/todo/Iconly-Broken-Search.svg"],"assets/todo/Iconly-Bulk-Image.png":["assets/todo/Iconly-Bulk-Image.png"],"assets/todo/Iconly-Bulk-Image.svg":["assets/todo/Iconly-Bulk-Image.svg"],"assets/todo/Iconly-Light-1.png":["assets/todo/Iconly-Light-1.png"],"assets/todo/Iconly-Light-1.svg":["assets/todo/Iconly-Light-1.svg"],"assets/todo/Iconly-Light-2%20User.png":["assets/todo/Iconly-Light-2%20User.png"],"assets/todo/Iconly-Light-2%20User.svg":["assets/todo/Iconly-Light-2%20User.svg"],"assets/todo/Iconly-Light-2.png":["assets/todo/Iconly-Light-2.png"],"assets/todo/Iconly-Light-2.svg":["assets/todo/Iconly-Light-2.svg"],"assets/todo/Iconly-Light-3%20User.png":["assets/todo/Iconly-Light-3%20User.png"],"assets/todo/Iconly-Light-3%20User.svg":["assets/todo/Iconly-Light-3%20User.svg"],"assets/todo/Iconly-Light-Category.png":["assets/todo/Iconly-Light-Category.png"],"assets/todo/Iconly-Light-Category.svg":["assets/todo/Iconly-Light-Category.svg"],"assets/todo/Iconly-Light-Document.png":["assets/todo/Iconly-Light-Document.png"],"assets/todo/Iconly-Light-Document.svg":["assets/todo/Iconly-Light-Document.svg"],"assets/todo/Iconly-Light-Edit%20Square.png":["assets/todo/Iconly-Light-Edit%20Square.png"],"assets/todo/Iconly-Light-Edit%20Square.svg":["assets/todo/Iconly-Light-Edit%20Square.svg"],"assets/todo/Iconly-Light-Filter.png":["assets/todo/Iconly-Light-Filter.png"],"assets/todo/Iconly-Light-Filter.svg":["assets/todo/Iconly-Light-Filter.svg"],"assets/todo/Iconly-Light-Game.png":["assets/todo/Iconly-Light-Game.png"],"assets/todo/Iconly-Light-Game.svg":["assets/todo/Iconly-Light-Game.svg"],"assets/todo/Iconly-Light-Lock.png":["assets/todo/Iconly-Light-Lock.png"],"assets/todo/Iconly-Light-Lock.svg":["assets/todo/Iconly-Light-Lock.svg"],"assets/todo/Iconly-Light-Notification.png":["assets/todo/Iconly-Light-Notification.png"],"assets/todo/Iconly-Light-Notification.svg":["assets/todo/Iconly-Light-Notification.svg"],"assets/todo/Iconly-Light-Scan.png":["assets/todo/Iconly-Light-Scan.png"],"assets/todo/Iconly-Light-Scan.svg":["assets/todo/Iconly-Light-Scan.svg"],"assets/todo/Iconly-Light-Setting.png":["assets/todo/Iconly-Light-Setting.png"],"assets/todo/Iconly-Light-Setting.svg":["assets/todo/Iconly-Light-Setting.svg"],"assets/todo/Iconly-Light-Ticket.png":["assets/todo/Iconly-Light-Ticket.png"],"assets/todo/Iconly-Light-Ticket.svg":["assets/todo/Iconly-Light-Ticket.svg"],"assets/todo/Iconly-Light-Video-1.png":["assets/todo/Iconly-Light-Video-1.png"],"assets/todo/Iconly-Light-Video-1.svg":["assets/todo/Iconly-Light-Video-1.svg"],"assets/todo/Iconly-Light-Video.png":["assets/todo/Iconly-Light-Video.png"],"assets/todo/Iconly-Light-Video.svg":["assets/todo/Iconly-Light-Video.svg"],"assets/todo/Iconly-Light-Voice.png":["assets/todo/Iconly-Light-Voice.png"],"assets/todo/Iconly-Light-Voice.svg":["assets/todo/Iconly-Light-Voice.svg"],"assets/todo/Iconly-Light-outline-2%20User.png":["assets/todo/Iconly-Light-outline-2%20User.png"],"assets/todo/Iconly-Light-outline-2%20User.svg":["assets/todo/Iconly-Light-outline-2%20User.svg"],"assets/todo/Iconly-Light-outline-Bookmark.png":["assets/todo/Iconly-Light-outline-Bookmark.png"],"assets/todo/Iconly-Light-outline-Bookmark.svg":["assets/todo/Iconly-Light-outline-Bookmark.svg"],"assets/todo/Iconly-Light-outline-Camera.png":["assets/todo/Iconly-Light-outline-Camera.png"],"assets/todo/Iconly-Light-outline-Camera.svg":["assets/todo/Iconly-Light-outline-Camera.svg"],"assets/todo/Iconly-Light-outline-Edit%20Square.png":["assets/todo/Iconly-Light-outline-Edit%20Square.png"],"assets/todo/Iconly-Light-outline-Edit%20Square.svg":["assets/todo/Iconly-Light-outline-Edit%20Square.svg"],"assets/todo/Iconly-Light-outline-Heart.png":["assets/todo/Iconly-Light-outline-Heart.png"],"assets/todo/Iconly-Light-outline-Heart.svg":["assets/todo/Iconly-Light-outline-Heart.svg"],"assets/todo/Iconly-Light-outline-Logout.png":["assets/todo/Iconly-Light-outline-Logout.png"],"assets/todo/Iconly-Light-outline-Logout.svg":["assets/todo/Iconly-Light-outline-Logout.svg"],"assets/todo/Iconly-Light-outline-Profile.png":["assets/todo/Iconly-Light-outline-Profile.png"],"assets/todo/Iconly-Light-outline-Profile.svg":["assets/todo/Iconly-Light-outline-Profile.svg"],"assets/todo/Iconly-Light-outline-Setting.png":["assets/todo/Iconly-Light-outline-Setting.png"],"assets/todo/Iconly-Light-outline-Setting.svg":["assets/todo/Iconly-Light-outline-Setting.svg"],"assets/todo/Icons-Multimedia-camera-plus.png":["assets/todo/Icons-Multimedia-camera-plus.png"],"assets/todo/Icons-Multimedia-camera-plus.svg":["assets/todo/Icons-Multimedia-camera-plus.svg"],"assets/todo/Intersecci%C3%B3n%203.png":["assets/todo/Intersecci%C3%B3n%203.png"],"assets/todo/Intersecci%C3%B3n%203.svg":["assets/todo/Intersecci%C3%B3n%203.svg"],"assets/todo/L%C3%ADnea%2080.png":["assets/todo/L%C3%ADnea%2080.png"],"assets/todo/L%C3%ADnea%2080.svg":["assets/todo/L%C3%ADnea%2080.svg"],"assets/todo/Piggy_bank_1_.png":["assets/todo/Piggy_bank_1_.png"],"assets/todo/Piggy_bank_1_.svg":["assets/todo/Piggy_bank_1_.svg"],"assets/todo/Stroke%20-1.png":["assets/todo/Stroke%20-1.png"],"assets/todo/Stroke%20-1.svg":["assets/todo/Stroke%20-1.svg"],"assets/todo/Stroke%20-2.png":["assets/todo/Stroke%20-2.png"],"assets/todo/Stroke%20-2.svg":["assets/todo/Stroke%20-2.svg"],"assets/todo/Stroke%203.png":["assets/todo/Stroke%203.png"],"assets/todo/Stroke%203.svg":["assets/todo/Stroke%203.svg"],"assets/todo/Stroke%207.png":["assets/todo/Stroke%207.png"],"assets/todo/Stroke%207.svg":["assets/todo/Stroke%207.svg"],"assets/todo/Sustracci%C3%B3n%2012.png":["assets/todo/Sustracci%C3%B3n%2012.png"],"assets/todo/Sustracci%C3%B3n%2012.svg":["assets/todo/Sustracci%C3%B3n%2012.svg"],"assets/todo/Trazado%20391.png":["assets/todo/Trazado%20391.png"],"assets/todo/Trazado%20391.svg":["assets/todo/Trazado%20391.svg"],"assets/todo/Uni%C3%B3n%202.png":["assets/todo/Uni%C3%B3n%202.png"],"assets/todo/Uni%C3%B3n%202.svg":["assets/todo/Uni%C3%B3n%202.svg"],"assets/todo/Uni%C3%B3n%203.png":["assets/todo/Uni%C3%B3n%203.png"],"assets/todo/Uni%C3%B3n%203.svg":["assets/todo/Uni%C3%B3n%203.svg"],"assets/todo/bx-hide.png":["assets/todo/bx-hide.png"],"assets/todo/bx-hide.svg":["assets/todo/bx-hide.svg"],"packages/cupertino_icons/assets/CupertinoIcons.ttf":["packages/cupertino_icons/assets/CupertinoIcons.ttf"]}